-- ============================================================
-- Petit Stay V3 — Seed Data
-- schema.sql 실행 후 Supabase SQL Editor에서 실행
-- 모든 계정 비밀번호: demo1234
-- ============================================================

-- ── UUIDs ──
-- Parent1: a1111111-1111-1111-1111-111111111111  (James T.)
-- Parent2: a2222222-2222-2222-2222-222222222222  (Min J.)
-- Sitter1: b1111111-1111-1111-1111-111111111111  (Emily K.)
-- Sitter2: b2222222-2222-2222-2222-222222222222  (Sarah L.)
-- Sitter3: b3333333-3333-3333-3333-333333333333  (Mika T.)
-- Sitter4: b4444444-4444-4444-4444-444444444444  (Yuna P.)
-- Sitter5: b5555555-5555-5555-5555-555555555555  (Hana M.)
-- Sitter6: b6666666-6666-6666-6666-666666666666  (Soyeon K.)
-- Sitter7: b7777777-7777-7777-7777-777777777777  (Jiwon L.)
-- Sitter8: b8888888-8888-8888-8888-888888888888  (Nami O.)
-- Partner: c1111111-1111-1111-1111-111111111111  (Grand Hyatt Seoul)

-- ============================================================
-- 1. auth.users
-- ============================================================

INSERT INTO auth.users (
  instance_id, id, aud, role, email,
  encrypted_password, email_confirmed_at,
  created_at, updated_at,
  confirmation_token, recovery_token, email_change_token_new, email_change,
  raw_app_meta_data, raw_user_meta_data
) VALUES
-- Parent: James T.
(
  '00000000-0000-0000-0000-000000000000',
  'a1111111-1111-1111-1111-111111111111',
  'authenticated', 'authenticated',
  'demo-parent@petitstay.com',
  crypt('demo1234', gen_salt('bf')),
  now(), now(), now(), '', '', '', '',
  '{"provider":"email","providers":["email"]}',
  '{"full_name":"James T."}'
),
-- Sitter: Emily K.
(
  '00000000-0000-0000-0000-000000000000',
  'b1111111-1111-1111-1111-111111111111',
  'authenticated', 'authenticated',
  'demo-emily@petitstay.com',
  crypt('demo1234', gen_salt('bf')),
  now(), now(), now(), '', '', '', '',
  '{"provider":"email","providers":["email"]}',
  '{"full_name":"Emily K."}'
),
-- Sitter: Sarah L.
(
  '00000000-0000-0000-0000-000000000000',
  'b2222222-2222-2222-2222-222222222222',
  'authenticated', 'authenticated',
  'demo-sarah@petitstay.com',
  crypt('demo1234', gen_salt('bf')),
  now(), now(), now(), '', '', '', '',
  '{"provider":"email","providers":["email"]}',
  '{"full_name":"Sarah L."}'
),
-- Sitter: Mika T.
(
  '00000000-0000-0000-0000-000000000000',
  'b3333333-3333-3333-3333-333333333333',
  'authenticated', 'authenticated',
  'demo-mika@petitstay.com',
  crypt('demo1234', gen_salt('bf')),
  now(), now(), now(), '', '', '', '',
  '{"provider":"email","providers":["email"]}',
  '{"full_name":"Mika T."}'
),
-- Sitter: Yuna P.
(
  '00000000-0000-0000-0000-000000000000',
  'b4444444-4444-4444-4444-444444444444',
  'authenticated', 'authenticated',
  'demo-yuna@petitstay.com',
  crypt('demo1234', gen_salt('bf')),
  now(), now(), now(), '', '', '', '',
  '{"provider":"email","providers":["email"]}',
  '{"full_name":"Yuna P."}'
),
-- Sitter: Hana M.
(
  '00000000-0000-0000-0000-000000000000',
  'b5555555-5555-5555-5555-555555555555',
  'authenticated', 'authenticated',
  'demo-hana@petitstay.com',
  crypt('demo1234', gen_salt('bf')),
  now(), now(), now(), '', '', '', '',
  '{"provider":"email","providers":["email"]}',
  '{"full_name":"Hana M."}'
),
-- Sitter: Soyeon K.
(
  '00000000-0000-0000-0000-000000000000',
  'b6666666-6666-6666-6666-666666666666',
  'authenticated', 'authenticated',
  'demo-soyeon@petitstay.com',
  crypt('demo1234', gen_salt('bf')),
  now(), now(), now(), '', '', '', '',
  '{"provider":"email","providers":["email"]}',
  '{"full_name":"Soyeon K."}'
),
-- Sitter: Jiwon L.
(
  '00000000-0000-0000-0000-000000000000',
  'b7777777-7777-7777-7777-777777777777',
  'authenticated', 'authenticated',
  'demo-jiwon@petitstay.com',
  crypt('demo1234', gen_salt('bf')),
  now(), now(), now(), '', '', '', '',
  '{"provider":"email","providers":["email"]}',
  '{"full_name":"Jiwon L."}'
),
-- Sitter: Nami O.
(
  '00000000-0000-0000-0000-000000000000',
  'b8888888-8888-8888-8888-888888888888',
  'authenticated', 'authenticated',
  'demo-nami@petitstay.com',
  crypt('demo1234', gen_salt('bf')),
  now(), now(), now(), '', '', '', '',
  '{"provider":"email","providers":["email"]}',
  '{"full_name":"Nami O."}'
),
-- Parent: Min J.
(
  '00000000-0000-0000-0000-000000000000',
  'a2222222-2222-2222-2222-222222222222',
  'authenticated', 'authenticated',
  'demo-parent2@petitstay.com',
  crypt('demo1234', gen_salt('bf')),
  now(), now(), now(), '', '', '', '',
  '{"provider":"email","providers":["email"]}',
  '{"full_name":"Min J."}'
),
-- Partner: Grand Hyatt Seoul
(
  '00000000-0000-0000-0000-000000000000',
  'c1111111-1111-1111-1111-111111111111',
  'authenticated', 'authenticated',
  'demo-partner@petitstay.com',
  crypt('demo1234', gen_salt('bf')),
  now(), now(), now(), '', '', '', '',
  '{"provider":"email","providers":["email"]}',
  '{"full_name":"Grand Hyatt Seoul"}'
);

-- ── auth.identities (로그인에 필요) ──

INSERT INTO auth.identities (
  id, user_id, identity_data, provider, provider_id,
  last_sign_in_at, created_at, updated_at
) VALUES
('a1111111-1111-1111-1111-111111111111', 'a1111111-1111-1111-1111-111111111111',
 '{"sub":"a1111111-1111-1111-1111-111111111111","email":"demo-parent@petitstay.com"}',
 'email', 'a1111111-1111-1111-1111-111111111111', now(), now(), now()),
('b1111111-1111-1111-1111-111111111111', 'b1111111-1111-1111-1111-111111111111',
 '{"sub":"b1111111-1111-1111-1111-111111111111","email":"demo-emily@petitstay.com"}',
 'email', 'b1111111-1111-1111-1111-111111111111', now(), now(), now()),
('b2222222-2222-2222-2222-222222222222', 'b2222222-2222-2222-2222-222222222222',
 '{"sub":"b2222222-2222-2222-2222-222222222222","email":"demo-sarah@petitstay.com"}',
 'email', 'b2222222-2222-2222-2222-222222222222', now(), now(), now()),
('b3333333-3333-3333-3333-333333333333', 'b3333333-3333-3333-3333-333333333333',
 '{"sub":"b3333333-3333-3333-3333-333333333333","email":"demo-mika@petitstay.com"}',
 'email', 'b3333333-3333-3333-3333-333333333333', now(), now(), now()),
('b4444444-4444-4444-4444-444444444444', 'b4444444-4444-4444-4444-444444444444',
 '{"sub":"b4444444-4444-4444-4444-444444444444","email":"demo-yuna@petitstay.com"}',
 'email', 'b4444444-4444-4444-4444-444444444444', now(), now(), now()),
('b5555555-5555-5555-5555-555555555555', 'b5555555-5555-5555-5555-555555555555',
 '{"sub":"b5555555-5555-5555-5555-555555555555","email":"demo-hana@petitstay.com"}',
 'email', 'b5555555-5555-5555-5555-555555555555', now(), now(), now()),
('b6666666-6666-6666-6666-666666666666', 'b6666666-6666-6666-6666-666666666666',
 '{"sub":"b6666666-6666-6666-6666-666666666666","email":"demo-soyeon@petitstay.com"}',
 'email', 'b6666666-6666-6666-6666-666666666666', now(), now(), now()),
('b7777777-7777-7777-7777-777777777777', 'b7777777-7777-7777-7777-777777777777',
 '{"sub":"b7777777-7777-7777-7777-777777777777","email":"demo-jiwon@petitstay.com"}',
 'email', 'b7777777-7777-7777-7777-777777777777', now(), now(), now()),
('b8888888-8888-8888-8888-888888888888', 'b8888888-8888-8888-8888-888888888888',
 '{"sub":"b8888888-8888-8888-8888-888888888888","email":"demo-nami@petitstay.com"}',
 'email', 'b8888888-8888-8888-8888-888888888888', now(), now(), now()),
('a2222222-2222-2222-2222-222222222222', 'a2222222-2222-2222-2222-222222222222',
 '{"sub":"a2222222-2222-2222-2222-222222222222","email":"demo-parent2@petitstay.com"}',
 'email', 'a2222222-2222-2222-2222-222222222222', now(), now(), now()),
('c1111111-1111-1111-1111-111111111111', 'c1111111-1111-1111-1111-111111111111',
 '{"sub":"c1111111-1111-1111-1111-111111111111","email":"demo-partner@petitstay.com"}',
 'email', 'c1111111-1111-1111-1111-111111111111', now(), now(), now());

-- ============================================================
-- 2. profiles
-- ============================================================

INSERT INTO profiles (id, role, full_name, phone, avatar_url) VALUES
('a1111111-1111-1111-1111-111111111111', 'parent',  'James T.',           '+82-10-1234-5678', NULL),
('a2222222-2222-2222-2222-222222222222', 'parent',  'Min J.',             '+82-10-9876-5432', NULL),
('b1111111-1111-1111-1111-111111111111', 'sitter',  'Emily K.',           '+82-10-1111-0001', '/sitters/emily.jpg'),
('b2222222-2222-2222-2222-222222222222', 'sitter',  'Sarah L.',           '+82-10-1111-0002', '/sitters/sarah.jpg'),
('b3333333-3333-3333-3333-333333333333', 'sitter',  'Mika T.',            '+82-10-1111-0003', '/sitters/mika.jpg'),
('b4444444-4444-4444-4444-444444444444', 'sitter',  'Yuna P.',            '+82-10-1111-0004', '/sitters/yuna.jpg'),
('b5555555-5555-5555-5555-555555555555', 'sitter',  'Hana M.',            '+82-10-1111-0005', '/sitters/hana.jpg'),
('b6666666-6666-6666-6666-666666666666', 'sitter',  'Soyeon K.',          '+82-10-1111-0006', '/sitters/soyeon.jpg'),
('b7777777-7777-7777-7777-777777777777', 'sitter',  'Jiwon L.',           '+82-10-1111-0007', '/sitters/jiwon.jpg'),
('b8888888-8888-8888-8888-888888888888', 'sitter',  'Nami O.',            '+82-10-1111-0008', '/sitters/nami.jpg'),
('c1111111-1111-1111-1111-111111111111', 'partner', 'Grand Hyatt Seoul',  '+82-2-799-8888',   NULL);

-- ============================================================
-- 3. sitter_profiles
-- ============================================================

INSERT INTO sitter_profiles (
  id, bio, hourly_rate, languages, certifications,
  is_verified, is_active, rating_avg, review_count, response_rate
) VALUES
-- Emily K.
(
  'b1111111-1111-1111-1111-111111111111',
  '유아교육을 전공했고, 영어와 한국어로 소통할 수 있어요. 아이들과 함께 그림 그리기, 동화책 읽기를 좋아해요.',
  25000,
  '[{"lang":"English","level":"L3"},{"lang":"Korean","level":"L2"}]',
  '[{"name":"Early Childhood Education","issued_by":"NYU","year":2019},{"name":"CPR & First Aid Certified"}]',
  true, true, 4.92, 47, 0.98
),
-- Sarah L.
(
  'b2222222-2222-2222-2222-222222222222',
  '일본어, 영어, 한국어를 구사하며, 보육 관련 자격증을 보유하고 있어요. 차분하고 세심한 돌봄을 제공해요.',
  30000,
  '[{"lang":"Japanese","level":"L3"},{"lang":"English","level":"L2"},{"lang":"Korean","level":"L1"}]',
  '[{"name":"Childcare Certificate","issued_by":"Tokyo Academy","year":2020}]',
  true, true, 4.85, 32, 0.95
),
-- Mika T.
(
  'b3333333-3333-3333-3333-333333333333',
  'CPR 자격증을 보유한 활발한 시터예요. 아이들과 함께 노래하고 놀이하는 걸 좋아해요.',
  28000,
  '[{"lang":"English","level":"L3"},{"lang":"Korean","level":"L3"}]',
  '[{"name":"CPR & First Aid Certified"},{"name":"Child Psychology Course","issued_by":"Yonsei University","year":2021}]',
  true, true, 4.97, 61, 0.99
),
-- Yuna P.
(
  'b4444444-4444-4444-4444-444444444444',
  '아이들의 창의력을 키워주는 활동을 좋아해요. 따뜻하고 편안한 분위기에서 돌봄을 제공해요.',
  22000,
  '[{"lang":"Korean","level":"L3"},{"lang":"English","level":"L2"}]',
  '[]',
  true, true, 4.78, 19, 0.92
),
-- Hana M.
(
  'b5555555-5555-5555-5555-555555555555',
  '아동심리학을 전공했으며, 아이들의 정서적 발달에 관심이 많아요. 안정감 있는 돌봄을 해요.',
  26000,
  '[{"lang":"English","level":"L3"},{"lang":"Korean","level":"L3"}]',
  '[{"name":"Child Psychology Course"},{"name":"CPR & First Aid Certified"}]',
  true, true, 4.90, 38, 0.96
),
-- Soyeon K.
(
  'b6666666-6666-6666-6666-666666666666',
  '응급처치 전문 자격을 보유한 경험 많은 시터예요. 안전을 최우선으로 생각해요.',
  27000,
  '[{"lang":"Japanese","level":"L3"},{"lang":"Korean","level":"L3"}]',
  '[{"name":"First Aid Certified"},{"name":"Childcare Certificate"}]',
  true, true, 4.88, 29, 0.94
),
-- Jiwon L.
(
  'b7777777-7777-7777-7777-777777777777',
  '영어, 중국어, 한국어 3개 국어를 구사해요. 다양한 문화의 가족과 자연스럽게 소통할 수 있어요.',
  29000,
  '[{"lang":"English","level":"L3"},{"lang":"Chinese","level":"L2"},{"lang":"Korean","level":"L3"}]',
  '[{"name":"Early Childhood Education"},{"name":"Bilingual Teaching"}]',
  true, true, 4.93, 44, 0.97
),
-- Nami O.
(
  'b8888888-8888-8888-8888-888888888888',
  '유치원 교사 경력 5년, 아이들과 함께하는 시간을 사랑해요. 놀이를 통한 학습을 중요하게 생각해요.',
  24000,
  '[{"lang":"English","level":"L2"},{"lang":"Japanese","level":"L3"}]',
  '[{"name":"Kindergarten Teacher License"}]',
  true, true, 4.82, 22, 0.93
);

-- ============================================================
-- 4. sitter_availability (Emily K. 기준 — 하드코딩 데이터와 동일)
-- ============================================================

INSERT INTO sitter_availability (sitter_id, day_of_week, start_time, end_time, is_active) VALUES
-- Emily K. Mon-Fri 18:00-23:00, Sat-Sun 14:00-23:00
('b1111111-1111-1111-1111-111111111111', 1, '18:00', '23:00', true),
('b1111111-1111-1111-1111-111111111111', 2, '18:00', '23:00', true),
('b1111111-1111-1111-1111-111111111111', 3, '18:00', '23:00', false), -- Wed off
('b1111111-1111-1111-1111-111111111111', 4, '18:00', '23:00', true),
('b1111111-1111-1111-1111-111111111111', 5, '18:00', '23:00', true),
('b1111111-1111-1111-1111-111111111111', 6, '14:00', '23:00', true),
('b1111111-1111-1111-1111-111111111111', 0, '14:00', '23:00', true),
-- Hana M. Mon-Fri 18:00-23:00, Sat 14:00-23:00
('b5555555-5555-5555-5555-555555555555', 1, '18:00', '23:00', true),
('b5555555-5555-5555-5555-555555555555', 2, '18:00', '23:00', true),
('b5555555-5555-5555-5555-555555555555', 3, '18:00', '23:00', true),
('b5555555-5555-5555-5555-555555555555', 4, '18:00', '23:00', true),
('b5555555-5555-5555-5555-555555555555', 5, '18:00', '23:00', true),
('b5555555-5555-5555-5555-555555555555', 6, '14:00', '23:00', true),
-- Soyeon K. Mon-Thu 18:00-23:00, Sat 15:00-22:00
('b6666666-6666-6666-6666-666666666666', 1, '18:00', '23:00', true),
('b6666666-6666-6666-6666-666666666666', 2, '18:00', '23:00', true),
('b6666666-6666-6666-6666-666666666666', 3, '18:00', '23:00', true),
('b6666666-6666-6666-6666-666666666666', 4, '18:00', '23:00', true),
('b6666666-6666-6666-6666-666666666666', 6, '15:00', '22:00', true),
-- Jiwon L. Mon-Sun 18:00-23:00, Sat-Sun 14:00-23:00
('b7777777-7777-7777-7777-777777777777', 1, '18:00', '23:00', true),
('b7777777-7777-7777-7777-777777777777', 2, '18:00', '23:00', true),
('b7777777-7777-7777-7777-777777777777', 3, '18:00', '23:00', true),
('b7777777-7777-7777-7777-777777777777', 4, '18:00', '23:00', true),
('b7777777-7777-7777-7777-777777777777', 5, '18:00', '23:00', true),
('b7777777-7777-7777-7777-777777777777', 6, '14:00', '23:00', true),
('b7777777-7777-7777-7777-777777777777', 0, '14:00', '23:00', true),
-- Nami O. Tue-Sat 18:00-23:00
('b8888888-8888-8888-8888-888888888888', 2, '18:00', '23:00', true),
('b8888888-8888-8888-8888-888888888888', 3, '18:00', '23:00', true),
('b8888888-8888-8888-8888-888888888888', 4, '18:00', '23:00', true),
('b8888888-8888-8888-8888-888888888888', 5, '18:00', '23:00', true),
('b8888888-8888-8888-8888-888888888888', 6, '18:00', '23:00', true);

-- ============================================================
-- 5. partner_accounts
-- ============================================================

INSERT INTO partner_accounts (id, business_name, business_type, referral_code) VALUES
('c1111111-1111-1111-1111-111111111111', 'Grand Hyatt Seoul', 'hotel', 'grand-hyatt');

-- ============================================================
-- 6. bookings (18건 — 모두 completed)
-- ============================================================

INSERT INTO bookings (
  id, parent_id, sitter_id, status, date, start_time, end_time,
  total_amount, service_fee, net_amount
) VALUES
-- Booking 1: James T. → Emily K., Mar 15 18:00-22:00
(
  'd1111111-1111-1111-1111-111111111111',
  'a1111111-1111-1111-1111-111111111111',
  'b1111111-1111-1111-1111-111111111111',
  'completed', '2026-03-15', '18:00', '22:00',
  120000, 20000, 100000
),
-- Booking 2: James T. → Sarah L., Mar 14 19:00-22:00
(
  'd2222222-2222-2222-2222-222222222222',
  'a1111111-1111-1111-1111-111111111111',
  'b2222222-2222-2222-2222-222222222222',
  'completed', '2026-03-14', '19:00', '22:00',
  108000, 18000, 90000
),
-- Booking 3: James T. → Mika T., Mar 12 18:00-21:00
(
  'd3333333-3333-3333-3333-333333333333',
  'a1111111-1111-1111-1111-111111111111',
  'b3333333-3333-3333-3333-333333333333',
  'completed', '2026-03-12', '18:00', '21:00',
  100800, 16800, 84000
),
-- ── 추가 예약 (리뷰용) ──
-- Emily K. 추가 2건
('e1111111-1111-1111-1111-111111111111', 'a1111111-1111-1111-1111-111111111111', 'b1111111-1111-1111-1111-111111111111',
 'completed', '2026-02-20', '18:00', '21:00', 90000, 15000, 75000),
('e1111112-1111-1111-1111-111111111111', 'a2222222-2222-2222-2222-222222222222', 'b1111111-1111-1111-1111-111111111111',
 'completed', '2026-02-15', '18:00', '22:00', 120000, 20000, 100000),
-- Sarah L. 추가 1건
('e2222221-2222-2222-2222-222222222222', 'a2222222-2222-2222-2222-222222222222', 'b2222222-2222-2222-2222-222222222222',
 'completed', '2026-02-18', '19:00', '22:00', 108000, 18000, 90000),
-- Mika T. 추가 1건
('e3333331-3333-3333-3333-333333333333', 'a2222222-2222-2222-2222-222222222222', 'b3333333-3333-3333-3333-333333333333',
 'completed', '2026-02-22', '18:00', '21:00', 100800, 16800, 84000),
-- Yuna P. 추가 2건
('e4444441-4444-4444-4444-444444444444', 'a1111111-1111-1111-1111-111111111111', 'b4444444-4444-4444-4444-444444444444',
 'completed', '2026-03-01', '18:00', '21:00', 79200, 13200, 66000),
('e4444442-4444-4444-4444-444444444444', 'a2222222-2222-2222-2222-222222222222', 'b4444444-4444-4444-4444-444444444444',
 'completed', '2026-02-25', '18:00', '22:00', 105600, 17600, 88000),
-- Hana M. 추가 3건
('e5555551-5555-5555-5555-555555555555', 'a1111111-1111-1111-1111-111111111111', 'b5555555-5555-5555-5555-555555555555',
 'completed', '2026-03-03', '18:00', '21:00', 93600, 15600, 78000),
('e5555552-5555-5555-5555-555555555555', 'a2222222-2222-2222-2222-222222222222', 'b5555555-5555-5555-5555-555555555555',
 'completed', '2026-02-28', '18:00', '22:00', 124800, 20800, 104000),
('e5555553-5555-5555-5555-555555555555', 'a1111111-1111-1111-1111-111111111111', 'b5555555-5555-5555-5555-555555555555',
 'completed', '2026-02-14', '19:00', '22:00', 93600, 15600, 78000),
-- Soyeon K. 추가 2건
('e6666661-6666-6666-6666-666666666666', 'a1111111-1111-1111-1111-111111111111', 'b6666666-6666-6666-6666-666666666666',
 'completed', '2026-03-02', '18:00', '21:00', 97200, 16200, 81000),
('e6666662-6666-6666-6666-666666666666', 'a2222222-2222-2222-2222-222222222222', 'b6666666-6666-6666-6666-666666666666',
 'completed', '2026-02-17', '18:00', '22:00', 129600, 21600, 108000),
-- Jiwon L. 추가 2건
('e7777771-7777-7777-7777-777777777777', 'a1111111-1111-1111-1111-111111111111', 'b7777777-7777-7777-7777-777777777777',
 'completed', '2026-03-04', '18:00', '21:00', 104400, 17400, 87000),
('e7777772-7777-7777-7777-777777777777', 'a2222222-2222-2222-2222-222222222222', 'b7777777-7777-7777-7777-777777777777',
 'completed', '2026-02-19', '19:00', '22:00', 104400, 17400, 87000),
-- Nami O. 추가 2건
('e8888881-8888-8888-8888-888888888888', 'a1111111-1111-1111-1111-111111111111', 'b8888888-8888-8888-8888-888888888888',
 'completed', '2026-03-05', '18:00', '21:00', 86400, 14400, 72000),
('e8888882-8888-8888-8888-888888888888', 'a2222222-2222-2222-2222-222222222222', 'b8888888-8888-8888-8888-888888888888',
 'completed', '2026-02-23', '18:00', '22:00', 115200, 19200, 96000);

-- ============================================================
-- 7. booking_children
-- ============================================================

INSERT INTO booking_children (booking_id, name, age, special_notes) VALUES
-- Booking 1: 1 child
('d1111111-1111-1111-1111-111111111111', 'Liam T.', 5, NULL),
-- Booking 2: 1 child
('d2222222-2222-2222-2222-222222222222', 'Liam T.', 5, NULL),
-- Booking 3: 2 children
('d3333333-3333-3333-3333-333333333333', 'Liam T.', 5, NULL),
('d3333333-3333-3333-3333-333333333333', 'Sophie T.', 3, 'Mild peanut allergy'),
-- 추가 예약 아이 정보
('e1111111-1111-1111-1111-111111111111', 'Liam T.', 5, NULL),
('e1111112-1111-1111-1111-111111111111', 'Sooah J.', 4, NULL),
('e2222221-2222-2222-2222-222222222222', 'Sooah J.', 4, NULL),
('e3333331-3333-3333-3333-333333333333', 'Sooah J.', 4, NULL),
('e4444441-4444-4444-4444-444444444444', 'Liam T.', 5, NULL),
('e4444442-4444-4444-4444-444444444444', 'Sooah J.', 4, NULL),
('e5555551-5555-5555-5555-555555555555', 'Liam T.', 5, NULL),
('e5555552-5555-5555-5555-555555555555', 'Sooah J.', 4, NULL),
('e5555553-5555-5555-5555-555555555555', 'Liam T.', 5, NULL),
('e6666661-6666-6666-6666-666666666666', 'Liam T.', 5, NULL),
('e6666662-6666-6666-6666-666666666666', 'Sooah J.', 4, NULL),
('e7777771-7777-7777-7777-777777777777', 'Liam T.', 5, NULL),
('e7777772-7777-7777-7777-777777777777', 'Sooah J.', 4, NULL),
('e8888881-8888-8888-8888-888888888888', 'Liam T.', 5, NULL),
('e8888882-8888-8888-8888-888888888888', 'Sooah J.', 4, NULL);

-- ============================================================
-- 8. booking_emergency_contacts
-- ============================================================

INSERT INTO booking_emergency_contacts (booking_id, name, phone, relationship) VALUES
('d1111111-1111-1111-1111-111111111111', 'James T.', '+82-10-1234-5678', 'Father'),
('d2222222-2222-2222-2222-222222222222', 'James T.', '+82-10-1234-5678', 'Father'),
('d3333333-3333-3333-3333-333333333333', 'James T.', '+82-10-1234-5678', 'Father'),
-- 추가 예약 긴급연락처
('e1111111-1111-1111-1111-111111111111', 'James T.', '+82-10-1234-5678', 'Father'),
('e1111112-1111-1111-1111-111111111111', 'Min J.', '+82-10-9876-5432', 'Mother'),
('e2222221-2222-2222-2222-222222222222', 'Min J.', '+82-10-9876-5432', 'Mother'),
('e3333331-3333-3333-3333-333333333333', 'Min J.', '+82-10-9876-5432', 'Mother'),
('e4444441-4444-4444-4444-444444444444', 'James T.', '+82-10-1234-5678', 'Father'),
('e4444442-4444-4444-4444-444444444444', 'Min J.', '+82-10-9876-5432', 'Mother'),
('e5555551-5555-5555-5555-555555555555', 'James T.', '+82-10-1234-5678', 'Father'),
('e5555552-5555-5555-5555-555555555555', 'Min J.', '+82-10-9876-5432', 'Mother'),
('e5555553-5555-5555-5555-555555555555', 'James T.', '+82-10-1234-5678', 'Father'),
('e6666661-6666-6666-6666-666666666666', 'James T.', '+82-10-1234-5678', 'Father'),
('e6666662-6666-6666-6666-666666666666', 'Min J.', '+82-10-9876-5432', 'Mother'),
('e7777771-7777-7777-7777-777777777777', 'James T.', '+82-10-1234-5678', 'Father'),
('e7777772-7777-7777-7777-777777777777', 'Min J.', '+82-10-9876-5432', 'Mother'),
('e8888881-8888-8888-8888-888888888888', 'James T.', '+82-10-1234-5678', 'Father'),
('e8888882-8888-8888-8888-888888888888', 'Min J.', '+82-10-9876-5432', 'Mother');

-- ============================================================
-- 9. session_reports
-- ============================================================

INSERT INTO session_reports (
  booking_id, sitter_id, check_in_at, check_out_at,
  activities, mood_behavior, sleep_notes, additional_notes
) VALUES
-- Booking 1: Emily K.
(
  'd1111111-1111-1111-1111-111111111111',
  'b1111111-1111-1111-1111-111111111111',
  '2026-03-15 18:02:00+09', '2026-03-15 22:00:00+09',
  'We played board games, read stories, and did some coloring. Had a light snack around 19:30.',
  'Very happy and cooperative throughout. Got a bit tired around 21:00.',
  'Fell asleep at 21:30 after bedtime story.',
  'No issues. Had a wonderful time!'
),
-- Booking 2: Sarah L.
(
  'd2222222-2222-2222-2222-222222222222',
  'b2222222-2222-2222-2222-222222222222',
  '2026-03-14 19:00:00+09', '2026-03-14 22:00:00+09',
  'Drawing, puzzles, and watched a short cartoon together.',
  'Calm and well-behaved. Enjoyed the puzzle time the most.',
  'No nap needed — stayed awake throughout.',
  'Very smooth session.'
),
-- Booking 3: Mika T.
(
  'd3333333-3333-3333-3333-333333333333',
  'b3333333-3333-3333-3333-333333333333',
  '2026-03-12 18:00:00+09', '2026-03-12 21:00:00+09',
  'Creative play with building blocks, storytelling, and light snack preparation.',
  'Both children were energetic and happy. Younger child needed some comforting initially.',
  'Younger child fell asleep at 20:30.',
  'Great experience with both kids. No allergy issues.'
);

-- ============================================================
-- 10. partner_referrals (3건 — Grand Hyatt 경유)
-- ============================================================

INSERT INTO partner_referrals (id, partner_id, booking_id) VALUES
('f1111111-1111-1111-1111-111111111111', 'c1111111-1111-1111-1111-111111111111', 'd1111111-1111-1111-1111-111111111111'),
('f2222222-2222-2222-2222-222222222222', 'c1111111-1111-1111-1111-111111111111', 'd2222222-2222-2222-2222-222222222222'),
('f3333333-3333-3333-3333-333333333333', 'c1111111-1111-1111-1111-111111111111', 'd3333333-3333-3333-3333-333333333333');

-- partner_referral_id 연결
UPDATE bookings SET partner_referral_id = 'f1111111-1111-1111-1111-111111111111' WHERE id = 'd1111111-1111-1111-1111-111111111111';
UPDATE bookings SET partner_referral_id = 'f2222222-2222-2222-2222-222222222222' WHERE id = 'd2222222-2222-2222-2222-222222222222';
UPDATE bookings SET partner_referral_id = 'f3333333-3333-3333-3333-333333333333' WHERE id = 'd3333333-3333-3333-3333-333333333333';

-- ============================================================
-- 11. reviews (18건 — 기존 3건 한국어 통일 + 신규 15건)
-- ============================================================

INSERT INTO reviews (booking_id, parent_id, sitter_id, rating, keywords, comment) VALUES
-- ── Emily K. (3건) ──
('d1111111-1111-1111-1111-111111111111', 'a1111111-1111-1111-1111-111111111111', 'b1111111-1111-1111-1111-111111111111',
 5, '["punctual","great_with_kids","would_book_again"]',
 '아이들이 정말 좋아했어요. 시간도 정확하게 지켜주시고, 아이들이 헤어지기 싫어했어요!'),
('e1111111-1111-1111-1111-111111111111', 'a1111111-1111-1111-1111-111111111111', 'b1111111-1111-1111-1111-111111111111',
 5, '["punctual","great_with_kids","would_book_again"]',
 '아이가 정말 좋아했어요. 다음에도 꼭 부탁하고 싶어요.'),
('e1111112-1111-1111-1111-111111111111', 'a2222222-2222-2222-2222-222222222222', 'b1111111-1111-1111-1111-111111111111',
 4, '["creative","caring","great_with_kids"]',
 '아이 눈높이에 맞춰서 놀아주시는 게 인상적이었어요.'),

-- ── Sarah L. (2건) ──
('d2222222-2222-2222-2222-222222222222', 'a1111111-1111-1111-1111-111111111111', 'b2222222-2222-2222-2222-222222222222',
 5, '["professional","communicator","caring"]',
 '정말 프로페셔널하고 따뜻하게 돌봐주셨어요. 다음 서울 여행 때도 꼭 부탁하고 싶어요.'),
('e2222221-2222-2222-2222-222222222222', 'a2222222-2222-2222-2222-222222222222', 'b2222222-2222-2222-2222-222222222222',
 5, '["professional","communicator","caring"]',
 '차분하고 세심하게 돌봐주셔서 안심이 됐어요. 일본어로도 소통이 가능해서 좋았어요.'),

-- ── Mika T. (2건) ──
('d3333333-3333-3333-3333-333333333333', 'a1111111-1111-1111-1111-111111111111', 'b3333333-3333-3333-3333-333333333333',
 4, '["creative","great_with_kids","communicator"]',
 '전체적으로 좋은 경험이었어요. 돌봄 중간중간 상황을 잘 알려주셨어요.'),
('e3333331-3333-3333-3333-333333333333', 'a2222222-2222-2222-2222-222222222222', 'b3333333-3333-3333-3333-333333333333',
 5, '["punctual","professional","would_book_again"]',
 '시간 약속을 정확히 지켜주셨고, 돌봄 리포트도 꼼꼼했어요.'),

-- ── Yuna P. (2건) ──
('e4444441-4444-4444-4444-444444444444', 'a1111111-1111-1111-1111-111111111111', 'b4444444-4444-4444-4444-444444444444',
 5, '["great_with_kids","caring","flexible"]',
 '처음에 낯가림 있었는데 금방 친해졌어요. 감사합니다.'),
('e4444442-4444-4444-4444-444444444444', 'a2222222-2222-2222-2222-222222222222', 'b4444444-4444-4444-4444-444444444444',
 4, '["caring","great_with_kids","would_book_again"]',
 '편안한 분위기에서 잘 돌봐주셨어요. 아이가 또 만나고 싶다고 해요.'),

-- ── Hana M. (3건) ──
('e5555551-5555-5555-5555-555555555555', 'a1111111-1111-1111-1111-111111111111', 'b5555555-5555-5555-5555-555555555555',
 5, '["caring","great_with_kids","professional"]',
 '아이의 감정을 잘 읽어주시고, 눈높이에서 대화해주셔서 감동받았어요.'),
('e5555552-5555-5555-5555-555555555555', 'a2222222-2222-2222-2222-222222222222', 'b5555555-5555-5555-5555-555555555555',
 5, '["professional","punctual","would_book_again"]',
 '안전하게 잘 돌봐주셔서 걱정 없이 저녁을 즐겼어요.'),
('e5555553-5555-5555-5555-555555555555', 'a1111111-1111-1111-1111-111111111111', 'b5555555-5555-5555-5555-555555555555',
 4, '["caring","professional","great_with_kids"]',
 '아이가 심리적으로 편안해하는 게 느껴졌어요. 전문성이 있으시네요.'),

-- ── Soyeon K. (2건) ──
('e6666661-6666-6666-6666-666666666666', 'a1111111-1111-1111-1111-111111111111', 'b6666666-6666-6666-6666-666666666666',
 5, '["professional","caring","punctual"]',
 '응급처치 자격이 있어서 더 안심이 됐어요. 꼼꼼하게 돌봐주셨어요.'),
('e6666662-6666-6666-6666-666666666666', 'a2222222-2222-2222-2222-222222222222', 'b6666666-6666-6666-6666-666666666666',
 5, '["caring","great_with_kids","would_book_again"]',
 '아이가 잠들 때까지 세심하게 케어해주셨어요. 감사해요.'),

-- ── Jiwon L. (2건) ──
('e7777771-7777-7777-7777-777777777777', 'a1111111-1111-1111-1111-111111111111', 'b7777777-7777-7777-7777-777777777777',
 5, '["communicator","great_with_kids","creative"]',
 '영어와 한국어를 자유롭게 오가며 아이와 대화해주셔서 좋았어요.'),
('e7777772-7777-7777-7777-777777777777', 'a2222222-2222-2222-2222-222222222222', 'b7777777-7777-7777-7777-777777777777',
 4, '["creative","flexible","great_with_kids"]',
 '다양한 놀이를 준비해오셔서 아이가 지루해하지 않았어요.'),

-- ── Nami O. (2건) ──
('e8888881-8888-8888-8888-888888888888', 'a1111111-1111-1111-1111-111111111111', 'b8888888-8888-8888-8888-888888888888',
 5, '["creative","professional","great_with_kids"]',
 '유치원 교사 경력이 느껴져요. 놀이하면서 자연스럽게 배움으로 이끌어주셨어요.'),
('e8888882-8888-8888-8888-888888888888', 'a2222222-2222-2222-2222-222222222222', 'b8888888-8888-8888-8888-888888888888',
 5, '["creative","caring","would_book_again"]',
 '아이 눈높이에 맞는 활동을 잘 준비해주셨어요. 다음에도 부탁하고 싶어요.');
